	count	count_all	mean_w	mean_w_all	std_1
-405	25	178	5746.49608074	4552.69662921	820.349441202
-404	25	180	8971.96241995	6911.25555556	1367.1649999
-403	25	180	9798.06042841	7377.08888889	1479.22739091
-402	25	181	9533.83991473	7273.73480663	1439.95707672
-401	25	182	9942.78869873	7595.50549451	1543.72237766
-400	25	181	9780.63533451	7495.79005525	1514.18609935
-399	25	183	9704.04118773	7389.71584699	1506.55337608
-398	25	181	9990.79163339	7736.24861878	1564.09556337
-397	25	182	10495.1215076	8138.46703297	1694.09696162
-396	25	182	10187.4527118	7844.92857143	1601.02349915
-395	25	180	9913.25931563	7838.91666667	1565.52917738
-394	25	182	8490.3778779	6779.27472527	1268.33633684
-393	25	181	9106.11320238	7234.85082873	1382.2609017
-392	25	178	10184.1646322	8494.48876404	1485.81697873
-391	25	181	9899.96897924	7895.77900552	1544.79584573
-390	25	182	9926.35060897	7941.72527473	1540.79765754
-389	26	191	9555.53955193	7693.29842932	1493.64135438
-388	26	191	9601.79535344	7833.0052356	1412.61375522
-387	26	189	9678.2986296	7873.76719577	1443.39125038
-386	26	184	9782.89107847	8009.45652174	1495.55189433
-385	26	191	9486.10206543	7556.53403141	1471.89979809
-384	26	191	9425.67147914	7801.0052356	1390.15766262
-383	26	192	10005.1986759	7813.328125	1447.84704276
-382	26	193	13143.2928761	8425.17098446	2145.54235356
-381	26	191	11742.5068016	8220.27225131	1839.58775118
-380	26	194	9426.68596817	7260.13402062	1491.93408989
-379	26	194	8238.99928447	6469.42783505	1278.95179345
-378	26	190	7890.44376559	6239.17894737	1164.75878482
-377	27	204	7427.02875775	5869.13235294	1043.08647949
-376	27	202	7510.21974431	6042.0990099	1009.88690915
-375	27	201	7431.56941643	6037.06965174	994.419224346
-374	27	201	7454.67388511	6067.18905473	994.827067223
-373	27	200	7801.49644922	6308.135	1004.62395562
-372	27	202	8119.38426995	6447.12376238	1058.26451593
-371	27	205	9075.73682169	6933.15121951	1192.68975149
-370	27	204	10427.3248509	7712.62745098	1408.86046484
-369	27	205	12304.604784	9153.46829268	1679.76005927
-368	27	205	11248.5949084	8438.94634146	1571.77515458
-367	27	203	11254.7283647	8538.408867	1590.95645698
-366	27	206	14884.7687483	9140.87378641	2972.73223819
-365	27	204	11232.2121805	8680.92156863	1582.04570779
-364	27	205	11437.5000363	8947.52195122	1605.80583322
-363	27	206	11034.0971684	8584.84466019	1578.47276838
-362	27	202	10710.3806778	8428.7029703	1495.80600349
-361	27	206	11267.5680749	8542.45631068	1612.17592342
-360	27	207	11486.7413701	8694.26570048	1664.79181131
-359	27	204	10843.8624538	8472.76470588	1582.51932394
-358	27	205	9669.22237194	7690.59512195	1346.90154103
-357	27	206	10959.0135914	8646.26699029	1707.18167773
-356	27	205	9935.28349749	7880.26829268	1473.03721168
-355	27	204	8556.63093458	6756.6127451	1271.32653528
-354	34	250	6159.16612663	4986.228	728.519708988
-353	58	327	6563.42022206	5632.44648318	645.553699542
-352	58	329	9288.9711863	7548.66869301	910.324026146
-351	58	337	9885.30383106	7876.14540059	976.820593741
-350	58	332	9752.42793867	7838.06626506	952.360610978
-349	58	338	10092.4985159	8110.18343195	997.771026529
-348	58	340	10179.6915023	8186.74705882	1008.8414857
-347	58	338	10034.1567955	8217.60946746	997.384302102
-346	59	334	10110.5114451	8279.28742515	984.517744074
-345	63	368	10038.3395086	8190.04891304	988.114362009
-344	63	366	9948.50893002	8234.06010929	961.770620694
-343	63	375	9699.72102312	7866.264	931.947972224
-342	63	365	9122.22041267	7731.51780822	877.854095213
-341	63	370	9272.56930991	7756.58918919	890.094684876
-340	63	369	9248.50695301	7606.0	862.585822951
-339	63	370	8968.13680812	7281.45135135	814.974906632
-338	63	374	9157.27101746	7252.60695187	849.026381253
-337	63	373	9272.23645333	7624.20107239	892.982114925
-336	63	370	9220.55307706	7698.1972973	848.719811834
-335	63	367	9228.21880317	7766.09264305	843.661157562
-334	63	371	9364.27375601	7691.80592992	881.644373193
-333	63	372	8954.56155854	7283.12903226	837.672306846
-332	63	369	8744.20843235	7162.89430894	792.895318268
-331	63	375	10657.7245508	7795.54933333	1112.44934374
-330	63	369	12583.7222836	8219.35772358	1269.02600773
-329	63	371	11361.8978487	7790.11320755	1088.32005019
-328	63	374	9786.78116654	9376.68449198	1192.75876139
-327	63	373	8416.51945845	7811.75335121	901.928091741
-326	63	367	7620.39705043	6414.70299728	671.319255691
-325	65	428	7408.25622466	6210.12616822	642.409126178
-324	65	431	7587.53501446	6712.31322506	666.885988326
-323	65	430	7873.69456867	7221.17906977	700.77433329
-322	65	427	7603.9597435	6817.31850117	639.604709967
-321	65	422	7819.07129929	7135.90758294	664.655858142
-320	65	434	8245.05364025	7037.00691244	706.655057101
-319	65	431	9102.14208585	7663.12296984	793.215326117
-318	65	429	10022.8708524	8192.53613054	883.601837724
-317	65	425	10883.6706334	8741.41411765	974.116988525
-316	65	431	10861.3824539	8758.96055684	976.179403111
-315	65	431	10915.2524617	8923.52204176	995.905255948
-314	65	432	11805.1700692	8354.85416667	1235.38588076
-313	65	436	10885.1221879	8797.05733945	990.020378533
-312	65	433	10842.5609895	9157.94919169	973.276466742
-311	65	429	10562.5354584	8892.82051282	948.303808557
-310	65	437	10456.9338654	8711.69107551	933.314815403
-309	65	434	11257.5302702	9260.30645161	1014.61018428
-308	65	438	11343.6030694	9203.79908676	1023.74376204
-307	65	437	10548.2867353	8662.00228833	934.601317022
-306	65	436	9380.28291862	7872.94724771	828.977479425
-305	65	438	10029.450154	8366.68721461	887.698584137
-304	65	437	9566.04352761	8250.16018307	849.883588434
-303	65	429	8234.8886791	7312.41724942	732.859211661
-302	75	489	6442.51434177	6570.19427403	516.989574825
-301	95	649	7182.02895717	6895.49306626	526.414201375
-300	95	664	9238.2254834	8103.375	625.304517921
-299	95	658	9911.72100642	8596.24924012	678.078244984
-298	96	675	9993.38877604	8626.00444444	695.980870381
-297	96	675	10122.5213818	8711.52888889	692.567705397
-296	96	679	10205.9324349	8738.94256259	714.618800832
-295	96	669	9829.90167	8601.19581465	676.010850461
-294	96	673	9873.92249175	8619.8781575	675.847226279
-293	96	670	10232.0451424	8939.61641791	693.804085127
-292	96	683	10331.1490203	8850.11127379	710.078365077
-291	96	679	10509.0848303	8971.75257732	798.837496009
-290	96	674	9842.52855884	8721.32492582	662.883329602
-289	96	679	9998.87608487	9021.36671576	676.566072441
-288	96	676	9705.14648966	8867.3535503	635.277298122
-287	96	685	9567.93324845	8710.67007299	613.357542706
-286	97	690	9831.06576368	8943.55652174	651.407573995
-285	97	676	10142.0446724	9350.3683432	763.919637623
-284	97	681	10023.807723	9246.50954479	659.777650093
-283	97	672	9868.76550608	9117.72470238	649.706567702
-282	97	668	9717.88481486	8811.21107784	639.342666777
-281	97	682	9248.86242786	8343.64076246	602.221864873
-280	97	679	9276.67406196	8457.66126657	618.038269313
-279	97	678	10886.8032063	8710.84660767	802.885536206
-278	97	679	11524.3946839	9063.2533137	818.105077792
-277	97	685	12046.1003268	8914.41459854	978.516874142
-276	97	677	10086.6139315	9372.22747415	934.266411652
-275	97	679	8645.51396114	8261.95581738	675.243415813
-274	97	670	7715.86653038	6848.35373134	475.142531414
-273	97	679	7648.84083473	6798.36818851	470.02684093
-272	98	684	8069.32416252	7391.22807018	526.211095631
-271	98	702	8441.4875296	7652.07407407	555.901541758
-270	98	700	8591.21449688	7713.34428571	602.691060047
-269	98	694	8676.05828877	7853.36743516	593.411841181
-268	98	705	9031.80416313	7975.60567376	608.738683887
-267	98	703	9890.63249152	8528.18918919	685.538462241
-266	98	711	10545.7430058	9006.58227848	715.373011366
-265	98	707	12214.7614598	10663.903819	995.082889733
-264	98	708	11677.2624167	10026.9661017	803.563729671
-263	98	720	11715.0139849	10046.8555556	899.33847814
-262	98	715	11703.0830617	10127.5384615	816.252838958
-261	98	708	11721.5800368	10313.5211864	803.555589799
-260	98	717	11450.0621869	9890.85913529	774.109445666
-259	98	713	11372.526534	9729.16690042	785.257701039
-258	98	722	11025.5200478	9556.12049861	752.333179426
-257	98	723	11615.811071	9993.03872752	795.152392722
-256	98	722	11702.3440217	9875.67451524	788.836818552
-255	98	720	10772.6479928	9370.62638889	725.660668397
-254	98	713	10083.7935164	9126.04768583	683.309911953
-253	98	716	10825.4568364	9599.84217877	768.266612609
-252	98	722	10428.9821892	9052.44736842	748.028296713
-251	98	701	8805.54390611	8074.16405136	646.379088773
-250	103	727	8154.6126832	8250.19532325	1406.11204507
-249	124	845	7308.79213149	7274.30059172	449.783472978
-248	124	863	9638.75317778	8858.55272306	583.841282816
-247	124	850	10359.7356903	9337.94352941	653.708137647
-246	124	853	10581.1718618	9396.21570926	683.722373676
-245	124	855	10300.432697	9320.22105263	632.37908112
-244	125	865	10245.9185612	9269.08208092	603.75409491
-243	125	873	10103.8556175	9181.99198167	620.318838439
-242	125	859	10064.5516482	9334.73108265	605.569178691
-241	125	850	10228.0434532	9582.03647059	599.51727356
-240	125	863	10281.8577033	9481.73117034	608.525476309
-239	125	870	10318.5806195	9409.25977011	606.104899081
-238	125	872	9826.91412795	9051.18692661	574.857183058
-237	125	866	9805.65982721	9152.04618938	573.594161336
-236	125	861	9798.2561768	9336.83623693	556.096230602
-235	125	877	9531.60213095	8911.11972634	549.816031
-234	126	872	9854.20001413	9104.76261468	565.154420909
-233	126	875	9843.4365805	9426.40914286	552.71244833
-232	126	881	9787.30869643	9197.03745743	548.668143289
-231	126	889	9888.32125083	9269.44206974	557.330226322
-230	126	879	9774.12516285	9228.88395904	562.035744948
-229	126	881	9637.65857151	9107.68671964	563.796633511
-228	126	884	10406.5987706	9460.33031674	824.17793717
-227	126	878	10233.1749099	9342.81548975	592.848571318
-226	126	869	12125.9250589	9710.05868815	891.990160207
-225	126	873	12448.7198902	9450.74455899	927.552856343
-224	126	871	10388.2270035	9572.96900115	812.377798941
-223	126	871	8710.29051241	8478.40642939	610.545907006
-222	127	850	7896.68026146	7584.49529412	462.731644675
-221	127	867	7982.28896777	7604.43367935	483.839586718
-220	128	872	8306.1628174	7831.66972477	492.545235358
-219	128	879	8467.93341483	7877.81683732	495.459658586
-218	128	880	8549.18601137	7992.50795455	499.239427646
-217	128	875	8657.24276996	7984.31314286	503.82938787
-216	128	875	8891.039741	8254.45485714	517.143010481
-215	128	868	9522.95538141	8656.8640553	561.723709637
-214	128	887	10059.7544359	8912.3945885	611.549257733
-213	128	880	10779.7158574	9622.54204545	653.072660432
-212	128	895	11107.3041152	9835.59441341	665.991120598
-211	128	882	11680.1396508	10209.8968254	832.051232069
-210	128	893	11819.6792027	10111.2138858	899.1871345
-209	128	915	11757.2703832	10342.5803279	690.925098671
-208	128	903	11537.4499841	10361.7087486	674.626060598
-207	128	894	11276.287472	10161.8288591	662.784457979
-206	128	898	11201.7435149	10155.9231626	670.218467364
-205	128	912	11784.1878238	10503.7807018	704.637635202
-204	128	902	11953.2067406	10742.7993348	708.842797973
-203	128	915	11499.4857729	10153.9978142	708.925322777
-202	128	914	10663.5998919	9390.11378556	679.17196524
-201	128	905	11289.8741727	10250.2519337	690.101984647
-200	128	887	11072.2458689	10467.0744081	748.02359814
-199	128	879	9343.0320514	8715.50284414	608.395747308
-198	129	893	7409.72607874	7211.24412094	486.824114124
-197	134	907	7824.26674583	7851.35060639	487.968603607
-196	148	1015	9570.93371324	8801.6137931	568.785540159
-195	148	1021	10649.0196886	9555.75122429	622.877814554
-194	148	1017	10849.2943513	9632.42969518	619.901518771
-193	148	1027	10618.4560288	9672.79844206	618.399078683
-192	148	1019	10455.7244205	9760.26594701	580.375129111
-191	148	1027	10204.8257871	9556.79552093	563.533292793
-190	148	1015	10136.6873584	9643.81674877	557.773117491
-189	149	1038	10433.7238325	9586.43737958	590.424845203
-188	149	1035	10453.6551032	9790.89275362	582.783175818
-187	149	1043	10495.9378643	9759.7535954	598.036003588
-186	149	1033	9881.9950591	9437.18005808	526.823121022
-185	149	1033	9546.65265948	9244.8054211	507.710332229
-184	149	1035	9467.19574774	9293.98357488	503.55164464
-183	149	1027	9225.36001854	9079.3369036	477.935240446
-182	149	1024	9623.00386766	9436.79785156	526.474602797
-181	149	1040	9736.62742355	9559.15961538	519.803890846
-180	149	1023	9843.17141357	9853.32844575	528.962704401
-179	149	1026	9642.12298962	9576.91910331	509.306842681
-178	149	1025	9546.9437164	9361.42146341	512.871091488
-177	149	1035	10055.0471595	9611.43478261	776.645381452
-176	149	1033	10577.3253407	9709.13359148	761.318717882
-175	149	1031	10277.2252135	9424.69253152	582.831654223
-174	149	1042	12977.5488684	9851.96928983	954.876028645
-173	149	1034	12162.3919345	9762.99323017	770.683512132
-172	149	1020	10041.4073718	9009.58627451	565.722718553
-171	149	1011	8547.77334245	8161.44411474	458.83380726
-170	149	1009	8253.52590889	7741.04162537	458.606397681
-169	149	1019	8204.87132483	7781.53483808	437.673379953
-168	150	1027	8680.50394658	8665.22005842	569.123638791
-167	150	1038	8613.88364218	8498.89595376	448.621244618
-166	150	1036	8496.75158116	8506.80019305	440.454861466
-165	150	1026	8642.44939178	8516.3791423	446.964654148
-164	150	1028	8823.67265625	8623.63326848	451.064984086
-163	150	1043	9271.85009844	8830.24161074	475.377885768
-162	150	1054	10372.7378282	10258.6982922	822.486366784
-161	150	1053	10491.4099854	9785.45489079	556.339260019
-160	150	1063	11047.6780506	10287.7507056	573.170435885
-159	150	1053	10950.1350619	10387.0645774	574.747851591
-158	150	1070	10893.5317293	10212.3747664	565.994465842
-157	150	1053	11402.5355347	10741.9240266	596.281851644
-156	150	1062	11189.2465006	10475.2636535	590.489521204
-155	150	1059	11009.6397045	10380.4532578	582.842300497
-154	150	1056	10844.5662047	10379.5558712	566.206440313
-153	150	1063	11190.9286773	10374.8353716	586.62524431
-152	150	1067	11712.8821834	10730.9512652	623.221675778
-151	150	1062	11175.3749185	10242.3248588	596.94709519
-150	150	1059	10431.4798319	9707.36449481	558.560220348
-149	150	1063	11121.384774	10517.3433678	594.351039971
-148	150	1069	11439.66287	10882.8026193	723.356687458
-147	150	1059	9678.0124283	9185.59017941	534.339539078
-146	150	1021	7785.230685	7979.11851126	431.590654814
-145	157	1056	7638.11726549	7728.64772727	416.95790611
-144	180	1180	9236.9407987	8824.82118644	489.436292036
-143	180	1204	10954.7063531	9995.09468439	561.029627169
-142	180	1191	11364.1850109	10343.7556675	594.030700755
-141	180	1199	11064.3507762	10003.0533778	629.638754428
-140	180	1206	11090.962749	10048.6600332	582.356377731
-139	180	1198	10830.0702582	9932.2754591	551.655286811
-138	180	1206	10664.2773628	9828.24543947	548.926151584
-137	184	1239	10805.1022177	9823.97659403	562.638921744
-136	184	1236	10943.8810793	9953.79854369	554.310670856
-135	184	1218	10953.9110669	10110.3497537	553.003620502
-134	184	1238	10277.9024668	9344.51938611	499.489946231
-133	184	1229	9906.18270614	9305.56143206	482.067321218
-132	184	1221	9589.94931521	9177.79197379	457.191393011
-131	184	1207	9388.84608848	9142.62551781	449.272728886
-130	184	1235	9627.10938564	9135.64534413	463.767932745
-129	185	1233	9782.65483239	9291.67315491	470.53905905
-128	185	1244	9958.66187224	9477.98231511	477.693550288
-127	185	1234	9839.94333631	9365.82576985	472.354861561
-126	185	1237	9632.46813315	9013.39046079	459.804147412
-125	185	1233	9796.94086489	9207.81508516	475.363382284
-124	185	1220	9817.14100546	9314.17786885	479.414357518
-123	185	1212	9891.86338819	9274.64108911	491.780282716
-122	185	1212	13667.4580354	10292.7640264	959.613828604
-121	185	1233	12731.7993345	10006.9002433	780.422827073
-120	185	1226	10886.7261347	9102.93637847	589.751077127
-119	185	1209	9088.72826578	8364.66170389	459.322931353
-118	185	1207	8442.990497	7716.25766363	422.526609046
-117	185	1209	8269.71202192	7676.86104218	409.702597473
-116	186	1210	9158.51775548	8141.67438017	698.994186323
-115	186	1225	8580.07231842	8057.53061224	418.564349799
-114	186	1226	8490.79654617	8044.84094617	414.050469482
-113	186	1237	8406.89031287	7936.36701698	408.16165306
-112	186	1237	8570.68421257	7959.61843169	430.401128535
-111	186	1235	9099.9951271	8257.64534413	480.053422739
-110	186	1232	9543.33214347	8587.70616883	510.447907499
-109	186	1244	10271.7851433	9106.5562701	552.342579872
-108	186	1263	11123.2633005	9750.86935867	644.31436366
-107	186	1255	10825.2472237	9660.25258964	576.193417615
-106	186	1248	10838.0503101	9853.06891026	561.788800158
-105	186	1252	11361.830526	10005.1805112	626.757902909
-104	186	1255	11228.3083212	10037.7482072	599.672341553
-103	186	1271	11038.4882542	9786.73800157	563.421937718
-102	186	1270	10896.4970112	9833.76377953	545.532414573
-101	186	1275	11117.2778372	9968.04627451	585.074929545
-100	186	1281	11784.205953	10466.5550351	610.848157687
-99	186	1275	11681.8429793	10410.9694118	588.240332517
-98	186	1281	10965.6392255	9863.57923497	550.362128087
-97	186	1267	10788.467993	9926.1578532	532.790325021
-96	186	1279	11217.3585944	10352.2400313	548.004672808
-95	186	1268	10444.8723339	9930.32334385	592.896865762
-94	186	1221	8036.58324033	8107.41523342	410.577161512
-93	195	1271	7116.70492998	7193.53422502	352.823165451
-92	219	1438	8613.56857641	8260.27399166	421.37289763
-91	219	1443	10450.223731	9519.89050589	494.383797523
-90	219	1438	10880.5740643	9742.31641168	517.472897049
-89	219	1473	10807.9285673	9655.8581127	500.726652768
-88	219	1468	10834.4798643	9689.99250681	510.627076917
-87	219	1468	10910.2750802	9772.0647139	513.376032913
-86	219	1478	10630.3792376	9472.50405954	506.850169106
-85	219	1475	10842.4472983	9580.41898305	526.328669752
-84	219	1484	11066.5297304	9816.39824798	530.157442338
-83	219	1495	10906.3433763	9680.7264214	512.01289703
-82	219	1478	10832.5698531	9807.67388363	535.844852373
-81	219	1473	10083.9485248	9263.11405295	469.574301085
-80	219	1477	10013.9716275	9196.78808395	464.045605501
-79	219	1477	9818.79123658	9228.95734597	443.263303916
-78	219	1479	9864.60387086	9088.29411765	447.330511302
-77	220	1490	10038.1588367	9243.18993289	458.056796169
-76	220	1486	10051.41092	9266.50471063	451.424944742
-75	220	1505	9962.50006371	9180.99003322	438.164931249
-74	220	1494	9864.85267761	9042.67068273	441.621962066
-73	220	1501	10259.3842916	9456.96868754	495.586658804
-72	220	1487	10369.3585752	9401.3860121	586.584357562
-71	220	1467	9883.86919548	9008.89297887	488.082449968
-70	220	1476	13404.5199284	10067.7594851	852.567864345
-69	220	1474	12609.4801376	9727.33242877	800.890605577
-68	220	1458	11337.3919345	9300.64677641	627.840976624
-67	220	1469	9409.78141849	8401.49081007	450.974449453
-66	220	1470	10348.86951	9770.06054422	1467.43987362
-65	220	1445	8669.32383569	7989.83460208	504.856613257
-64	221	1455	8250.06098847	7646.29621993	397.159291653
-63	221	1466	8183.4523552	7724.82332879	380.452506434
-62	221	1449	8348.27908953	8415.03312629	393.491538118
-61	221	1460	8315.35619282	7878.05068493	380.540447654
-60	221	1474	8557.58168338	7944.49050204	396.30910168
-59	221	1465	8677.48930822	8102.36928328	406.163792038
-58	221	1487	9317.26482063	8427.35036987	450.522754453
-57	221	1484	10374.2897565	9958.34366577	557.832082865
-56	221	1480	11489.4970557	10215.1581081	843.722125852
-55	221	1492	10926.0793463	9916.93297587	537.204759209
-54	221	1512	11092.299276	9997.87896825	570.43373645
-53	221	1513	11036.042862	9977.88565763	518.134054613
-52	221	1504	11080.6151625	10068.9867021	511.412842529
-51	221	1515	10783.3402138	9818.65544554	497.191540242
-50	221	1525	10730.1385209	9723.36655738	489.753724728
-49	221	1506	10692.5610073	9795.4063745	496.617987287
-48	221	1530	11477.306198	10157.4542484	561.534063335
-47	221	1508	11468.8148677	10256.8885942	535.738421518
-46	221	1521	10767.85686	9567.06903353	496.529046747
-45	221	1521	10242.9149669	9494.23865878	465.828048393
-44	221	1523	10684.1531676	9941.6684176	463.932953293
-43	221	1508	9924.19924168	9573.09350133	457.72352321
-42	221	1466	7982.91951572	8047.90450205	382.083403889
-41	228	1498	6515.48117704	6774.76435247	296.17580631
-40	251	1700	7622.7345609	7709.24294118	331.633076597
-39	251	1745	9577.00241071	9208.23610315	402.967769622
-38	251	1760	10060.1884364	9625.65852273	421.53442974
-37	253	1764	10069.3969419	9500.67290249	427.545701522
-36	253	1780	10088.4869905	9523.41853933	420.744105549
-35	253	1781	10291.1383233	9646.17237507	441.912004413
-34	253	1758	9957.16663009	9623.25142207	423.628314701
-33	253	1777	10184.4464845	9914.65503658	463.674577371
-32	253	1771	10674.4619314	10555.4319593	554.783820784
-31	253	1779	10364.8197657	10002.836425	471.848671955
-30	253	1782	10248.2410511	9699.79741863	444.562841368
-29	253	1775	9629.1683087	9092.06197183	415.008289291
-28	253	1766	9359.04414083	8886.61041903	399.151585353
-27	253	1775	9492.91892913	9004.03267606	421.977634755
-26	253	1778	9139.00273303	8813.25646794	368.321859936
-25	253	1791	9649.17735491	9083.59408152	421.519936454
-24	253	1794	9505.66303389	9074.14158305	393.026572322
-23	253	1786	9478.25423688	9018.68477044	394.17879251
-22	253	1785	9289.39950484	8855.76190476	383.60313363
-21	253	1789	9265.11323295	8862.92453885	382.808804702
-20	253	1780	8913.94557694	8562.66123596	368.003356865
-19	253	1767	8932.05133166	8591.71250707	399.503635262
-18	253	1770	11445.373474	9560.06779661	681.847315603
-17	253	1751	10920.7676318	9376.58366648	578.319837696
-16	253	1748	10242.1718597	8775.42963387	569.380917535
-15	253	1752	8412.3551108	7803.20319635	374.880997321
-14	253	1716	7763.80793456	7555.22668998	330.941296514
-13	253	1739	7568.3036104	7256.62104658	310.98064962
-12	255	1735	7344.4560253	7084.09567723	310.506787219
-11	255	1727	7410.95573891	7179.57382745	319.638706685
-10	255	1762	7611.37735532	7276.70317821	337.505108758
-9	255	1727	7779.59980495	7434.58135495	354.400023469
-8	256	1756	7838.53014656	7404.23462415	349.858649003
-7	256	1782	8074.46434116	7476.48933782	368.204399153
-6	256	1784	8501.48992701	7778.43273543	390.030276026
-5	256	1781	9094.80873167	8304.24424481	414.358958722
-4	256	1805	10276.3988951	9828.60498615	508.625042438
-3	256	1806	10036.9627205	9407.55980066	454.970959506
-2	256	1798	10076.27441	9396.4538376	459.848870395
-1	256	1833	9929.50855522	9324.84069831	435.520280535
0	256	1877	11589.7125983	10150.4736281	528.997077074
1	256	1854	10320.6348616	9364.09492988	453.714214706
2	256	1837	10128.8468465	9228.90201415	464.724217587
3	256	1837	9913.35027308	9119.92977681	436.058495032
4	256	1838	10530.9482503	9596.9031556	473.435534577
5	256	1820	10700.7843544	9789.19175824	480.794429015
6	256	1814	9892.60267933	9180.57331863	432.183467663
7	256	1828	9324.77509332	8750.99070022	405.778395114
8	256	1842	9973.4791221	9331.50380022	429.555895392
9	256	1849	9517.08696495	9003.94699838	443.777646544
10	256	1760	7762.42998298	7536.84034091	371.513548842
11	256	1728	6154.26561271	6215.93113426	295.095349204
12	256	1757	7016.17700167	6884.74786568	326.983357584
13	256	1813	8874.81207623	8256.21290678	402.304809114
14	256	1832	9402.39603434	8576.05349345	440.043367015
15	256	1816	9683.83972498	8870.31552863	462.288010009
16	256	1814	9517.04077967	8790.64332966	440.52680231
17	256	1832	9763.94491147	8954.24672489	456.66424352
18	256	1816	9480.35130421	8870.45099119	442.414995927
19	256	1823	9741.11952374	9180.02633022	516.787384357
20	256	1847	10849.4718395	10408.6345425	848.732811527
21	256	1832	9978.83157748	9472.42958515	498.54960472
22	256	1829	9859.83488872	9226.82558775	494.230101684
23	256	1820	9158.73796336	8719.06428571	414.606274458
24	256	1840	8957.41653102	8474.34021739	425.428263571
25	256	1837	8658.46239078	8260.5732172	392.872716298
26	256	1840	8540.02566607	8193.26630435	380.40381934
27	256	1829	8678.89626595	8256.49152542	391.686720457
28	256	1847	8875.74992881	8458.51922036	395.519487152
29	256	1833	8973.91990588	8487.66666667	412.950176719
30	256	1827	8661.35257714	8213.53256705	385.427420075
31	256	1847	8679.56227699	8259.11586356	392.782385809
32	256	1852	8622.44935012	8249.95842333	444.760460476
33	256	1825	8993.59190581	8324.94849315	634.27736518
34	253	1776	9437.18193029	8434.8536036	549.259745135
35	231	1654	11012.2437713	8904.54413543	691.548923796
36	231	1640	10443.862024	8533.54207317	771.451623898
37	231	1644	9163.72504666	8436.5176399	681.336761539
38	231	1632	8017.1125599	7714.56311275	473.78345572
39	231	1636	7726.02317297	7179.90953545	389.238748616
40	231	1633	8356.70150136	7331.71218616	742.882696052
41	231	1628	7763.10277546	7295.46990172	411.084426375
42	231	1628	7913.86734243	7432.45884521	422.919711787
43	231	1632	7858.62675571	7358.1942402	414.047290117
44	231	1620	8006.29238369	7566.85308642	414.480137633
45	231	1628	8060.23875005	7572.39312039	419.630152698
46	231	1649	8491.34838501	7928.75379018	433.393717902
47	231	1668	8864.58236332	8242.04316547	449.161088585
48	231	1666	9581.62741652	8959.66686675	484.989253925
49	231	1654	9917.56180564	9364.36759371	501.530046905
50	231	1684	9831.71952679	9125.52909739	496.532802083
51	230	1672	9699.16085531	9051.51196172	496.829617411
52	230	1690	10473.868885	9532.94674556	594.321752146
53	230	1672	9891.55096534	9173.59270335	502.117924432
54	230	1671	9773.10211445	9069.76660682	505.274024385
55	230	1688	9644.46917316	8938.49940758	476.065903378
56	230	1688	10315.343764	9460.62263033	514.691672935
57	230	1682	10839.8507863	10316.9673008	680.509087817
58	230	1693	9882.94285474	8909.64382753	498.74005399
59	230	1676	9132.23571592	8467.56921241	456.230176716
60	230	1680	9947.99645463	9352.68809524	501.81032902
61	230	1685	9411.72535559	9052.90682493	483.760916958
62	230	1642	8295.33394317	8037.98233861	592.758488729
63	229	1582	6249.94851864	6324.56953224	325.870184179
64	229	1595	6889.03071548	6821.18746082	358.007643671
65	229	1641	8653.32745274	8071.41560024	459.664928519
66	229	1652	9355.05852758	8711.52421308	505.360455547
67	229	1643	9585.44311475	8997.29640901	521.596146697
68	229	1669	9343.44639218	8751.45955662	470.671902613
69	229	1672	9719.93238988	9019.20394737	520.829366716
70	229	1657	9531.33774149	8897.48823174	543.969257068
71	229	1659	9792.72922321	9066.60337553	691.962499414
72	229	1645	10397.1933959	9961.59696049	751.036360733
73	229	1685	9862.79635407	9285.17922849	567.574486742
74	229	1669	9700.20398658	8994.6219293	539.615030776
75	229	1665	8787.80369714	8501.13633634	414.568347635
76	229	1663	8703.32610879	8452.45219483	429.771951806
77	229	1661	8384.29449667	8135.44671884	401.956921837
78	229	1670	8322.69485217	8053.35209581	393.18481535
79	229	1664	8372.67304563	8181.13341346	389.363233349
80	229	1676	8635.81231377	8392.52804296	396.710079204
81	229	1663	8696.02234651	8849.90438966	407.064396339
82	229	1694	8528.11280911	8200.60271547	410.422548199
83	229	1674	8772.91138531	8128.17921147	521.003602928
84	229	1650	9722.40157866	8210.53939394	1335.69103213
85	229	1648	8445.33892984	7684.09041262	575.355284168
86	222	1605	8865.0900417	8255.95950156	612.381857563
87	196	1546	12278.178611	8827.85575679	1081.65647467
88	196	1531	10574.3465313	8068.76355323	790.525912926
89	196	1508	9088.7250225	7560.00596817	567.445137712
90	196	1503	8046.43365995	6981.61477046	473.80689607
91	196	1500	7550.37877065	6600.68333333	438.508644428
92	196	1501	7518.95975361	6679.58760826	423.208693337
93	196	1517	7627.6750489	6956.82926829	407.017073169
94	195	1510	7844.12626391	7188.12516556	425.758083824
95	191	1477	7792.32054172	7285.25727827	401.628852735
96	191	1499	7900.63607056	7209.08138759	408.534585782
97	191	1500	8122.83926869	7530.59666667	413.509282527
98	191	1491	8384.91778483	7587.60093897	434.526408011
99	191	1506	8902.01762357	8016.00398406	456.837875766
100	191	1499	9433.55620928	8491.59839893	497.344562782
101	191	1530	9847.9049525	8863.82418301	526.627407407
102	191	1497	9984.02126967	9181.4488978	521.85273392
103	191	1512	10160.7725967	9444.28373016	534.291028664
104	191	1519	10528.1213226	9580.60697828	549.659814275
105	191	1535	10271.7162815	9207.0534202	542.524718647
106	191	1537	10015.654828	9000.88809369	518.980483674
107	191	1531	10065.1737116	9064.1097322	530.754955406
108	191	1542	10255.9942967	9095.78015564	541.028098557
109	191	1540	10876.1499654	9435.52077922	613.325493072
110	191	1546	10471.4694118	8916.25161708	591.413261107
111	191	1528	9494.85873222	8513.01374346	508.885710725
112	191	1555	10123.1081732	8990.1903537	543.81098112
113	191	1546	9987.65626842	8873.06015524	549.224845935
114	191	1488	8763.36039107	7711.34946237	520.296611961
115	189	1413	6792.84512836	6316.00353857	395.829819287
116	189	1408	6631.7244327	6366.37215909	361.538041242
117	189	1450	8556.99415497	7922.02137931	470.128938584
118	189	1460	9634.30349718	8646.08356164	549.832027086
119	189	1473	9852.29806289	8737.72437203	569.822761896
120	189	1482	9703.37642074	8618.38191633	553.970119626
121	189	1472	9703.84391394	8696.41304348	555.380567872
122	189	1480	9652.18586003	8700.35405405	556.813504561
123	189	1468	9506.71909128	8812.20912807	539.023056489
124	189	1475	9738.3436206	8830.41084746	545.701932224
125	189	1466	9833.71493229	8921.42155525	555.092984431
126	189	1480	9552.28283116	8641.81824324	526.950633663
127	189	1488	8976.70060531	7965.51008065	515.965027138
128	189	1457	8628.75271929	7923.55113246	481.292539684
129	189	1470	8355.89887459	7666.3537415	454.890031475
130	189	1471	8195.2474992	7605.92997961	423.439371692
131	189	1491	8466.61430393	7805.2260228	453.630616237
132	189	1472	8549.56055221	7892.49932065	465.636311129
133	189	1488	8616.85309802	7844.31115591	478.60028796
134	189	1469	8742.38571417	7839.17290674	591.481010166
135	189	1482	8468.65501031	7689.4851552	469.290377132
136	189	1457	8768.97619114	8064.40700069	535.53992572
137	189	1437	8792.34039382	8093.37856646	693.965312521
138	179	1383	9120.54937538	7797.6088214	640.722351728
139	159	1260	13258.2696747	9038.28888889	1437.22693148
140	159	1247	11086.6348867	8447.1042502	909.43209111
141	159	1236	9483.74274489	7742.39886731	699.381398427
142	158	1227	8399.86966622	7197.95517522	569.004048905
143	158	1212	8040.47995132	7026.03217822	510.485174237
144	158	1222	8036.64009022	6919.09656301	552.724298849
145	158	1212	7711.78676657	6876.12541254	472.127856269
146	158	1217	7643.6957423	7038.30073952	477.018579806
147	158	1213	7450.98634017	6793.14509481	436.73511663
148	158	1213	7512.48398162	6767.45754328	433.862727431
149	158	1207	7605.48691567	6743.009942	445.383113032
150	158	1216	7822.52973363	6927.02302632	465.489644107
151	158	1223	8368.36259397	7267.99754702	522.461731728
152	158	1218	8795.98728138	7647.70607553	556.063303007
153	158	1228	9713.23036817	8699.30781759	761.116548984
154	157	1238	9326.36781483	8149.0	579.294047125
155	157	1257	9529.58169647	8310.64836913	585.696725721
156	157	1250	9993.33735974	8813.1776	605.388978802
157	157	1256	9789.98439594	8578.75477707	595.615443072
158	157	1252	9731.98413389	8439.89936102	596.459455313
159	157	1270	9600.03159865	8352.82913386	583.608376258
160	157	1261	9659.15480421	8559.74861221	563.802588553
161	157	1239	10130.9045864	8887.76674738	606.212102259
162	157	1266	10154.5083095	8693.2535545	630.376430716
163	157	1240	9338.78567324	8359.11048387	558.933556392
164	157	1251	9673.87486218	8753.17026379	576.042927143
165	157	1256	10200.3881973	9282.24840764	613.265048577
166	157	1231	8804.80363857	7930.23964257	539.083647282
167	157	1206	6842.50090334	6418.5199005	420.319847701
168	156	1194	6120.41516712	5808.87269682	352.300074041
169	156	1207	7574.03245624	7074.45318973	439.549089358
170	156	1218	9202.64420999	8301.92200328	631.002421043
171	156	1216	9283.82185612	8384.53947368	595.867900445
172	156	1231	10027.8866979	8767.45004062	765.529418014
173	156	1239	9734.85709621	8637.74818402	622.266699478
174	156	1233	9951.91306663	8688.92051906	651.724729261
175	156	1231	9719.71632867	8549.10154346	642.528789603
176	156	1235	10125.3853885	8792.14008097	748.872133386
177	156	1220	10231.8872019	8942.09262295	712.011556914
178	156	1236	9835.53619572	8509.36165049	643.559528141
179	156	1243	9381.28581959	8176.12711183	600.880609911
180	156	1234	8820.86385218	7952.86223663	566.284267708
181	156	1215	8190.77845851	7533.66748971	468.693436254
182	156	1240	8118.98369497	7331.48709677	486.007755181
183	156	1243	8303.57306027	7561.61705551	463.432890847
184	156	1226	8445.02558555	7950.02936378	459.820298026
185	156	1246	8600.57179926	8001.36597111	482.421752211
186	156	1244	8559.50586667	7835.71623794	490.450424056
187	156	1226	8134.3514551	7646.23735726	465.152944592
188	156	1230	8333.02637307	7588.77642276	531.650896646
189	156	1222	7946.82862747	7363.88788871	491.002627375
190	151	1177	8114.45674091	7337.51062022	665.817936927
191	130	1074	13318.7797289	9022.67132216	1864.69337207
192	130	1080	10820.971316	8262.18611111	1040.400432
193	130	1077	9398.74733471	7679.70380687	759.382818963
194	130	1068	8260.32928711	7168.0	598.253078158
195	130	1069	8365.65118307	7415.56033676	654.9923286
196	129	1058	7829.13255342	6961.93100189	522.843896308
197	129	1052	7439.19452583	6619.83840304	474.399400787
198	129	1054	7322.49397899	6558.0313093	467.426382749
199	129	1062	12339.5141923	14463.0320151	5122.08281277
200	129	1065	10109.020524	10815.4638498	2776.29904044
201	129	1062	7574.98932612	6596.08851224	485.683568147
202	129	1075	7591.89456348	6682.61116279	456.303021662
203	129	1064	7964.28375873	7089.40507519	480.35057475
204	129	1075	9499.95715166	8230.17302326	1101.89813678
205	129	1083	10505.6588353	8567.22253001	1273.16099588
206	128	1068	9299.74215616	8208.17228464	588.301696254
207	128	1080	9327.26736565	8379.33518519	567.187882416
208	128	1072	9465.41319419	8450.65205224	590.209745509
209	128	1092	9593.38071468	8331.37820513	604.696076662
210	128	1077	9323.12126819	8407.28133705	572.875954568
211	128	1070	9108.74735313	8232.78598131	560.987610067
212	128	1079	9017.95248692	8065.3373494	538.635587632
213	128	1086	9819.03081002	8530.60865562	597.491117354
214	128	1094	9711.86403099	8293.74680073	606.416749222
215	128	1096	9165.15120146	7846.40510949	567.350522951
216	128	1078	8916.61238285	8106.87384045	558.004354952
217	128	1077	9223.16017529	8344.55524605	567.554801532
218	128	1084	8241.63106565	7453.38745387	516.051302007
219	128	1055	6549.52653615	6123.26729858	408.759500155
220	127	1015	5338.68896206	5182.36847291	325.04186145
221	127	1043	6302.1591247	5955.72962608	380.460346723
222	127	1061	7941.59114835	7286.22054665	500.088654001
223	127	1052	8426.08085927	7645.85836502	576.593181908
224	127	1055	8583.79015014	7898.50995261	559.531336001
225	127	1060	8528.25041998	7920.09528302	531.285527294
226	127	1055	9435.81770896	8180.32417062	833.912275322
227	127	1070	9552.62357222	8292.75514019	953.434982567
228	127	1053	10339.1606872	8638.33523267	1412.78271166
229	127	1077	10571.6901993	8808.86536676	1302.97590547
230	127	1070	10185.9761635	8603.99719626	1017.98247814
231	127	1072	9526.17551385	8230.42350746	928.77582816
232	127	1052	8528.03402739	8009.41730038	601.116334514
233	127	1069	7922.38082729	7244.696913	476.106689096
234	127	1073	7835.27279219	7230.91612302	462.305356037
235	127	1067	7833.34403523	7304.14245548	458.234602824
236	127	1081	7732.58020661	7189.00832562	440.878225845
237	127	1067	7917.00825449	7260.08903468	449.142491716
238	127	1059	7983.71472778	7280.88574127	502.266984399
239	127	1067	7575.07650737	7099.88566073	445.350717797
240	127	1070	7717.35309674	7165.09626168	459.279288041
241	127	1079	7126.78560032	6611.91936979	438.503807016
242	126	1046	7272.28561452	6778.36424474	523.43220678
243	121	1017	8649.69528662	7467.98721731	686.098969426
244	107	931	8754.11795139	7392.62298604	633.870147054
245	107	927	7858.97958574	6760.04099245	581.126296164
246	107	908	7222.37037765	6561.07819383	563.498975211
247	107	923	6718.72373313	6056.75189599	450.842230507
248	107	915	6731.99566463	6135.3442623	441.882769406
249	107	911	6392.8429111	5871.76399561	412.855208231
250	107	909	6104.11109815	5533.81188119	384.176427111
251	106	923	6278.53051037	5667.45612134	394.081862608
252	106	939	6218.51918878	5520.95527157	398.949274698
253	106	918	6363.30191752	5724.46296296	414.231472514
254	106	920	8231.84017828	6045.69130435	1413.05424008
255	106	927	6681.0438715	5787.34951456	424.963477707
256	106	920	7256.99315656	6318.04021739	474.038062341
257	106	937	7675.8174861	6668.12913554	504.324455333
258	106	940	8163.53189942	7010.9393617	560.796627477
259	106	933	9238.63217567	7865.14362272	1322.31848652
260	106	927	8113.57807197	7102.77885653	550.541837049
261	106	919	8502.99824111	7502.64417845	601.485930572
262	106	933	8038.09422123	7120.56484459	506.559941641
263	106	938	7817.70477376	6946.05970149	474.99211894
264	106	940	7668.23031138	6797.62234043	464.246653774
265	106	928	8406.63115848	7456.26508621	539.99737029
266	106	939	8481.02884226	7473.6485623	544.57384067
267	106	926	7741.6336873	6924.53887689	496.285511823
268	106	928	7227.45773733	6602.73168103	454.131887805
269	106	941	8231.15941753	7101.07757705	583.540503751
270	106	924	7304.6347266	6360.995671	473.084415399
271	106	908	5842.61762174	5081.54295154	396.182693528
272	105	883	5311.94753877	6699.07248018	740.512386186
273	105	893	5867.22188861	7023.5643897	710.177094343
274	105	910	6346.28423138	5738.94065934	379.881466927
275	105	913	6577.8164459	5903.27929901	391.966013244
276	105	910	6856.78201946	6134.44835165	418.712129094
277	105	919	7261.22344349	6304.30685528	563.89459515
278	105	922	7389.05029289	6548.20390456	566.321557357
279	105	901	7180.20997985	6280.03440622	592.437497614
280	105	913	7397.70450905	6425.43921139	768.201381194
281	105	925	7676.93978261	6601.36648649	699.637864825
282	105	922	7637.50413952	6504.68546638	600.187488316
283	105	917	7269.64973801	6329.04580153	573.54359187
284	105	913	6762.63875451	6150.07995619	427.986241549
285	105	923	6508.56985892	5908.62080173	403.234048778
286	105	927	6453.22047783	5812.67961165	378.65595731
287	105	921	6547.71435142	5902.57763301	399.947460343
288	105	937	6540.36281451	5847.5773746	394.022347061
289	105	924	15336.2990678	10870.2521645	8449.40411878
290	105	931	6525.17055396	5872.18904404	374.862886724
291	105	924	6397.48044827	5737.40151515	377.718350276
292	105	933	6272.1805403	5608.41693462	372.787316636
293	105	912	5835.38944893	5308.17324561	345.566196024
294	105	889	5311.41391822	5049.38357705	345.405210626
295	98	855	5882.48417528	5397.62222222	472.172628153
296	75	765	6604.9319095	5213.42875817	500.812469241
297	75	735	5809.93659847	4938.62721088	425.783411856
298	75	737	5659.22462182	4861.64450475	478.226583509
299	75	744	5296.62567355	4600.42204301	357.366425206
300	75	731	5352.00122446	4701.27359781	358.493349108
301	75	743	5447.71560286	4537.25706595	473.04705471
302	75	741	5071.89479448	4501.96761134	351.056611539
303	71	726	5391.37978995	4605.66804408	392.462984277
304	71	730	5281.27671699	4574.39452055	333.178363766
305	71	717	5549.68511808	4745.47838215	360.734419867
306	71	725	5747.2403929	4884.00965517	378.393332379
307	71	725	5906.75993652	4985.29103448	376.223621415
308	71	723	6373.32508986	5431.46473029	397.525361268
309	71	731	6750.34267238	5767.84678523	418.029525655
310	71	736	6878.00073565	5792.49456522	437.380616414
311	70	729	7207.48238557	6077.44855967	491.936959378
312	70	713	7081.19759122	6028.73352034	466.107643546
313	70	723	7461.4384136	6260.24896266	485.780513413
314	70	724	6880.08318796	5723.22790055	462.738629535
315	70	723	6669.06569764	5662.90041494	420.660265162
316	70	728	6868.4784027	5929.72527473	422.320787857
317	70	727	7097.08344212	6032.4085282	450.919914844
318	70	722	7040.69938505	6214.05124654	449.202745934
319	70	728	6492.55329138	5649.86675824	406.36017747
320	70	727	5919.96220771	5240.73590096	363.341417127
321	70	716	6428.52231277	5697.09497207	398.998423068
322	70	713	6264.94720588	5353.78401122	407.845305712
323	70	710	4981.91376289	4245.5943662	329.270636913
324	69	670	3790.21182227	3457.28507463	259.43169755
325	69	674	4626.45959476	4753.42136499	440.875252107
326	69	690	5896.60244654	5123.91884058	457.620735303
327	69	689	6444.52259228	5279.91436865	761.768357246
328	69	690	6354.40873662	5908.29710145	637.966151324
329	69	700	6041.30347527	5257.26714286	379.877261438
330	69	699	7059.01847548	5699.35908441	650.126582989
331	69	691	7134.81403532	5765.08683068	720.632854126
332	69	689	8262.52840895	6441.33526851	1264.17198126
333	69	690	9445.52692802	7998.30434783	1975.84536061
334	69	687	8101.79516987	6864.45123726	1154.55606638
335	69	709	7344.25523979	5906.2651622	808.030762182
336	69	694	5804.26769896	5215.53170029	351.133555286
337	69	694	5737.21056761	5270.59654179	427.792054947
338	69	690	5552.22231309	5052.76956522	339.289844165
339	69	701	5781.40037437	5241.7874465	343.01291112
340	69	696	5987.0089639	5310.70258621	361.877359323
341	69	701	6008.01562695	5331.48359486	355.321218126
342	69	702	5770.34431051	5269.01566952	344.308503455
343	69	700	5556.44202663	4881.90285714	326.174668063
344	69	691	5711.14323778	5127.32561505	343.469030671
345	69	684	5204.81589543	4594.14619883	324.865843618
346	69	686	4196.37252409	3674.87900875	288.984328786
347	60	600	4058.90224583	3984.81666667	380.254302976
348	36	428	5163.16732195	4534.62383178	414.283566712
349	36	427	3889.36398575	3544.83372365	310.333221595
350	36	432	3932.06840751	3546.45601852	344.635511073
351	36	426	4180.15560011	3786.96948357	338.493873679
352	36	419	4102.0485065	3831.92362768	317.291190845
353	36	428	4220.56761338	3838.02102804	345.855894297
354	36	426	4085.0288246	3822.9741784	344.842011378
355	36	428	4085.94324247	3783.26401869	339.90587632
356	36	424	3978.44933916	3620.81603774	321.266239432
357	36	437	4136.5504677	3676.04118993	327.645850413
358	36	433	4343.8073903	4010.21709007	326.212502597
359	36	418	4387.57520369	4127.34449761	336.175824437
360	36	436	4549.8584299	4127.30504587	344.988539687
361	36	439	4830.09882477	4342.83599089	371.975037871
362	36	436	4913.96908327	4681.11926606	388.533908192
363	35	430	5109.37139045	4831.7372093	411.842204791
364	35	425	4987.49290225	4710.21411765	409.309572804
365	35	435	5184.77407168	4806.71264368	410.322534162
366	35	428	5255.08288889	5593.11214953	452.585964433
367	35	433	5202.23925691	5692.75981524	451.599229142
368	35	428	5332.13121654	6476.70794393	532.04035102
369	35	425	5526.5154221	6369.84	500.160344759
370	35	432	5198.2004057	4927.96759259	412.30227581
371	35	430	4787.03927669	4452.1	389.722310327
372	35	427	4495.80369966	4340.81498829	341.908541864
373	35	427	4843.41576884	4628.21077283	397.97394502
374	35	425	4538.10570488	4318.43529412	389.134554348
375	35	424	3759.90220854	3581.70283019	360.412184205
376	34	408	2834.92305525	2754.85294118	256.270891172
377	34	409	3212.55243357	3051.55256724	247.036020444
378	34	410	4135.4765516	3974.4	327.075662268
379	34	401	4281.90416622	4220.7680798	381.006874229
380	34	415	4366.62987048	4171.51566265	373.603856562
381	34	413	4436.39620784	4209.7409201	349.25961066
382	34	408	4483.74652124	4280.65686275	349.677855874
383	34	406	4573.62498114	4744.3226601	365.007260502
384	34	410	4649.43120586	4713.32926829	374.483997037
385	34	407	4631.55180899	4537.26781327	362.531239107
386	34	414	4682.04142646	4400.38405797	373.994364249
387	34	407	4529.37979627	4338.68304668	357.374748184
388	34	411	4309.1533136	4062.84671533	349.923165766
389	34	407	4119.54748055	4107.07862408	399.310680304
390	34	412	4067.98027584	3877.33009709	302.151231737
391	34	417	4356.97328299	4112.23501199	322.559201501
392	34	414	4285.78446792	4048.75845411	325.17062565
393	34	414	4279.7074496	4052.25603865	321.991089606
394	34	415	4325.84893316	4124.62891566	324.534830306
395	34	418	4198.55953468	3947.81578947	312.05296486
396	34	416	4168.71428107	3953.99038462	322.224461062
397	34	415	4134.42396873	3897.73975904	317.638439724
398	34	403	3545.99458189	3331.42679901	367.800920981
399	27	289	1618.16240691	1677.12456747	239.316104623
